{
    "CJT": {
        "precision": 0.0,
        "recall": 0.0,
        "f1-score": 0.0,
        "support": 100.0
    },
    "CST": {
        "precision": 0.0,
        "recall": 0.0,
        "f1-score": 0.0,
        "support": 200.0
    },
    "DD1": {
        "precision": 0.0,
        "recall": 0.0,
        "f1-score": 0.0,
        "support": 100.0
    },
    "RA": {
        "precision": 0.1669449081803005,
        "recall": 1.0,
        "f1-score": 0.28612303290414876,
        "support": 100.0
    },
    "WPR": {
        "precision": 0.0,
        "recall": 0.0,
        "f1-score": 0.0,
        "support": 100.0
    },
    "accuracy": 0.16666666666666666,
    "macro avg": {
        "precision": 0.0333889816360601,
        "recall": 0.2,
        "f1-score": 0.05722460658082975,
        "support": 600.0
    },
    "weighted avg": {
        "precision": 0.02782415136338342,
        "recall": 0.16666666666666666,
        "f1-score": 0.04768717215069146,
        "support": 600.0
    }
}