{
    "AV0": {
        "precision": 0.0,
        "recall": 0.0,
        "f1-score": 0.0,
        "support": 100.0
    },
    "CJT": {
        "precision": 0.8906605922551253,
        "recall": 0.9775,
        "f1-score": 0.9320619785458879,
        "support": 400.0
    },
    "DT0": {
        "precision": 0.5652173913043478,
        "recall": 0.91,
        "f1-score": 0.6973180076628352,
        "support": 100.0
    },
    "accuracy": 0.8033333333333333,
    "macro avg": {
        "precision": 0.485292661186491,
        "recall": 0.6291666666666668,
        "f1-score": 0.5431266620695744,
        "support": 600.0
    },
    "weighted avg": {
        "precision": 0.6879766267208082,
        "recall": 0.8033333333333333,
        "f1-score": 0.7375943203077312,
        "support": 600.0
    }
}