{
    "DT": {
        "precision": 0.945054945054945,
        "recall": 0.86,
        "f1-score": 0.9005235602094239,
        "support": 100.0
    },
    "IN": {
        "precision": 0.6208333333333333,
        "recall": 0.9933333333333333,
        "f1-score": 0.764102564102564,
        "support": 300.0
    },
    "RB": {
        "precision": 1.0,
        "recall": 0.05,
        "f1-score": 0.09523809523809523,
        "support": 100.0
    },
    "WDT": {
        "precision": 0.7916666666666666,
        "recall": 0.19,
        "f1-score": 0.3064516129032258,
        "support": 100.0
    },
    "accuracy": 0.68,
    "macro avg": {
        "precision": 0.8393887362637362,
        "recall": 0.5233333333333333,
        "f1-score": 0.5165789581133273,
        "support": 600.0
    },
    "weighted avg": {
        "precision": 0.7665369352869352,
        "recall": 0.68,
        "f1-score": 0.5990868267764061,
        "support": 600.0
    }
}