{
    "CJT": {
        "precision": 0.0,
        "recall": 0.0,
        "f1-score": 0.0,
        "support": 100.0
    },
    "CST": {
        "precision": 0.333889816360601,
        "recall": 1.0,
        "f1-score": 0.5006257822277848,
        "support": 200.0
    },
    "DD1": {
        "precision": 0.0,
        "recall": 0.0,
        "f1-score": 0.0,
        "support": 100.0
    },
    "RA": {
        "precision": 0.0,
        "recall": 0.0,
        "f1-score": 0.0,
        "support": 100.0
    },
    "WPR": {
        "precision": 0.0,
        "recall": 0.0,
        "f1-score": 0.0,
        "support": 100.0
    },
    "accuracy": 0.3333333333333333,
    "macro avg": {
        "precision": 0.0667779632721202,
        "recall": 0.2,
        "f1-score": 0.10012515644555695,
        "support": 600.0
    },
    "weighted avg": {
        "precision": 0.11129660545353368,
        "recall": 0.3333333333333333,
        "f1-score": 0.16687526074259493,
        "support": 600.0
    }
}