{
    "CJT": {
        "precision": 0.956989247311828,
        "recall": 0.89,
        "f1-score": 0.922279792746114,
        "support": 100.0
    },
    "CST": {
        "precision": 0.9022556390977443,
        "recall": 0.6,
        "f1-score": 0.7207207207207207,
        "support": 200.0
    },
    "DD1": {
        "precision": 0.782258064516129,
        "recall": 0.97,
        "f1-score": 0.8660714285714286,
        "support": 100.0
    },
    "RA": {
        "precision": 0.9759036144578314,
        "recall": 0.81,
        "f1-score": 0.8852459016393442,
        "support": 100.0
    },
    "WPR": {
        "precision": 0.5329341317365269,
        "recall": 0.89,
        "f1-score": 0.6666666666666666,
        "support": 100.0
    },
    "accuracy": 0.7933333333333333,
    "macro avg": {
        "precision": 0.8300681394240119,
        "recall": 0.8320000000000001,
        "f1-score": 0.8121969020688548,
        "support": 600.0
    },
    "weighted avg": {
        "precision": 0.842099389369634,
        "recall": 0.7933333333333333,
        "f1-score": 0.7969508718441659,
        "support": 600.0
    }
}