{
    "CJT": {
        "precision": 0.8764044943820225,
        "recall": 0.78,
        "f1-score": 0.8253968253968254,
        "support": 100.0
    },
    "CST": {
        "precision": 0.3218390804597701,
        "recall": 0.14,
        "f1-score": 0.1951219512195122,
        "support": 200.0
    },
    "DD1": {
        "precision": 0.65,
        "recall": 0.13,
        "f1-score": 0.21666666666666667,
        "support": 100.0
    },
    "RA": {
        "precision": 0.6518518518518519,
        "recall": 0.88,
        "f1-score": 0.748936170212766,
        "support": 100.0
    },
    "WPR": {
        "precision": 0.3680297397769517,
        "recall": 0.99,
        "f1-score": 0.5365853658536586,
        "support": 100.0
    },
    "accuracy": 0.51,
    "macro avg": {
        "precision": 0.5736250332941192,
        "recall": 0.584,
        "f1-score": 0.5045413958698858,
        "support": 600.0
    },
    "weighted avg": {
        "precision": 0.5316607078217277,
        "recall": 0.51,
        "f1-score": 0.4529714884281569,
        "support": 600.0
    }
}